FirstName;LastName;FullName;Address;NameAbbreviation;WasDeleted;ProfilePhotoId;ProfilePhotoIdUrl;Id;UserName;NormalizedUserName;Email;NormalizedEmail;EmailConfirmed;PasswordHash;SecurityStamp;ConcurrencyStamp;PhoneNumber;PhoneNumberConfirmed;TwoFactorEnabled;LockoutEnd;LockoutEnabled;AccessFailedCount
Teacher;14;Teacher 14;Address of Teacher 14, 6511;T1;False;00000000-0000-0000-0000-000000000000;https://supershop.blob.core.windows.net/placeholders/noimage.png;025860dc-25ad-493f-89b5-5278e7b1e42e;teacher.14.cinel.pt@yopmail.com;TEACHER.14.CINEL.PT@YOPMAIL.COM;teacher.14.cinel.pt@yopmail.com;TEACHER.14.CINEL.PT@YOPMAIL.COM;False;AQAAAAIAAYagAAAAEMuRTOBFOIx9nh7op+ho5WyfT5vOSOF7K4TAgjh2zQN5yVF/w17AZopLiQjHbHmRKw==;BRPDS5MPRRMNLJWB3ZY427FPH7GXP2GX;ba2a1896-2c0e-4586-bdcd-5fb4494ec42f;598228908;False;False;;True;0
Reinaldo;Souza;Reinaldo Souza;Address of Reinaldo Souza, 553;RS;False;00000000-0000-0000-0000-000000000000;https://supershop.blob.core.windows.net/placeholders/noimage.png;04e547df-0d12-4df4-a4b8-0d91fe8b064d;reinaldo.souza.cinel.pt@yopmail.com;REINALDO.SOUZA.CINEL.PT@YOPMAIL.COM;reinaldo.souza.cinel.pt@yopmail.com;REINALDO.SOUZA.CINEL.PT@YOPMAIL.COM;False;AQAAAAIAAYagAAAAEMEAZX1++3+xPFyZRnIabITX0FO21PpPKsr5FCehL1n01h8Q4nS6bzqgQDAAQapttg==;MBSGOBSNCZ2UKEZQFI4GGYPL66UJ5GMW;09c7c37c-406d-4e17-a82d-1658b3fc34b1;934274509;False;False;;True;0
Tatiane;Avellar;Tatiane Avellar;Calle Luna, 9348;TA;False;00000000-0000-0000-0000-000000000000;https://supershop.blob.core.windows.net/placeholders/noimage.png;0b2ed897-89c2-4234-bfb0-a1090ed372a3;tatiane.avellar.24718@formandos.cinel.pt;TATIANE.AVELLAR.24718@FORMANDOS.CINEL.PT;tatiane.avellar.24718@formandos.cinel.pt;TATIANE.AVELLAR.24718@FORMANDOS.CINEL.PT;False;AQAAAAIAAYagAAAAEIS0DrINQmbfv+6rEwYWoOEEaI2jPDC8X2g4D1fL/dvNdTgEaXHGaa/fhi2lg2r/lg==;SP6B2WV43BHJ26EWNRUHHRYKPYEIVGEG;e9475174-a121-4c3a-a6de-2972a36e763b;963486594;False;False;;True;0
Teacher;22;Teacher 22;Address of Teacher 22, 9463;T2;False;00000000-0000-0000-0000-000000000000;https://supershop.blob.core.windows.net/placeholders/noimage.png;0b9e7da7-5fbf-44c3-b110-08ada2607c12;teacher.22.cinel.pt@yopmail.com;TEACHER.22.CINEL.PT@YOPMAIL.COM;teacher.22.cinel.pt@yopmail.com;TEACHER.22.CINEL.PT@YOPMAIL.COM;False;AQAAAAIAAYagAAAAEDK3gbJi8KCoHzjs/iZjEA7NX7PjIfuRAIdg2JTuF6opxM0w7a5BnaMH/D2G7GrRjQ==;563FQVQJNEVFCY7HDDAAO2JVSPFIFKTZ;3736d12b-376a-42a9-b1c5-1cd5986bf0f0;492942219;False;False;;True;0
Nuno;Vilhena Santos;Nuno Vilhena Santos;Calle Luna, 4616;NS;False;00000000-0000-0000-0000-000000000000;https://supershop.blob.core.windows.net/placeholders/noimage.png;0c083295-17c8-4d4a-8659-4f03ccec4a1c;nunovilhenasantos@msn.com;NUNOVILHENASANTOS@MSN.COM;nunovilhenasantos@msn.com;NUNOVILHENASANTOS@MSN.COM;False;AQAAAAIAAYagAAAAEPzj36yLtM1Qn22yfYZc8M7Aq4kmBzhwfUIgXBhE6/i1DLtelGZw8/j1+wfqt0ilfA==;SSHRJCC426N4AQ5OIMTDNVGNN324AQAI;a61c2d11-58f6-4014-a075-1a36f7ef7e6f;989592718;False;False;;True;0
Catarina;Palma;Catarina Palma;Address of Catarina Palma, 3410;CP;False;00000000-0000-0000-0000-000000000000;https://supershop.blob.core.windows.net/placeholders/noimage.png;0f4f9a5a-7b04-49c7-afe5-a31e42eafd3c;catarina.palma.cinel.pt@yopmail.com;CATARINA.PALMA.CINEL.PT@YOPMAIL.COM;catarina.palma.cinel.pt@yopmail.com;CATARINA.PALMA.CINEL.PT@YOPMAIL.COM;False;AQAAAAIAAYagAAAAEEd8EQf5V5xAWT+72ZZk4k72kZaUDjWxwan8saUB3YL2CgxvKwGQFT9GqIWr1FWnhw==;7X3V2ZATIDZNCGEZ2YVQNSKLIXIDSGA2;7f684dc7-7de3-425d-94ba-d196cd56c2b9;615604560;False;False;;True;0
Teacher;25;Teacher 25;Address of Teacher 25, 77;T2;False;00000000-0000-0000-0000-000000000000;https://supershop.blob.core.windows.net/placeholders/noimage.png;18decf24-1ab0-48a7-9794-9367abbb12d6;teacher.25.cinel.pt@yopmail.com;TEACHER.25.CINEL.PT@YOPMAIL.COM;teacher.25.cinel.pt@yopmail.com;TEACHER.25.CINEL.PT@YOPMAIL.COM;False;AQAAAAIAAYagAAAAEC4u0leu2NfHTmCsxJRmm0/vfF6Ifa/8qLyf7sH3NeIy1Ol75B4VpU9+/mn2yM5Eww==;MCLRQG4R4M2C4FUB4ATBHA24QWVCLWP5;214e9542-bd62-4db4-8a4b-b46f4c731698;836674502;False;False;;True;0
Teacher;1;Teacher 1;Address of Teacher 1, 4273;T1;False;00000000-0000-0000-0000-000000000000;https://supershop.blob.core.windows.net/placeholders/noimage.png;233e2bb9-14f9-47eb-a8dd-bc9aa2ce4add;teacher.1.cinel.pt@yopmail.com;TEACHER.1.CINEL.PT@YOPMAIL.COM;teacher.1.cinel.pt@yopmail.com;TEACHER.1.CINEL.PT@YOPMAIL.COM;False;AQAAAAIAAYagAAAAEGBWfZ5KpU1wlB8Jh8Ml4ocpbqn5mJytzHjG8MA+cUXeG0EzTN9nbPrZThKnA/5igg==;4TWCE2OX2NWLCEOFJFJ7HUL4WC2JO6DD;48f3acf8-07de-4a75-9652-3199b9f1fd37;555686298;False;False;;True;0
Claudia;Passarinho;Claudia Passarinho;Address of Claudia Passarinho, 1546;CP;False;00000000-0000-0000-0000-000000000000;https://supershop.blob.core.windows.net/placeholders/noimage.png;23cc1b89-51ae-456a-b37c-c060b95dafd2;claudia.passarinho.cinel.pt@yopmail.com;CLAUDIA.PASSARINHO.CINEL.PT@YOPMAIL.COM;claudia.passarinho.cinel.pt@yopmail.com;CLAUDIA.PASSARINHO.CINEL.PT@YOPMAIL.COM;False;AQAAAAIAAYagAAAAEN4bFS1DaTAYesYurWxU1W5I3LK53xG9X5CqVdAxo7rdE1fur6DaMdKtX798xqVK0g==;2TNRDYGAXL6MRVY5TU6GYQRMTJ2O3OBP;874d9c24-bae8-4045-bb82-a61b1f32479f;763935515;False;False;;True;0
Teacher;16;Teacher 16;Address of Teacher 16, 6153;T1;False;00000000-0000-0000-0000-000000000000;https://supershop.blob.core.windows.net/placeholders/noimage.png;29a67ee1-1e74-4a53-b74d-346a695541a6;teacher.16.cinel.pt@yopmail.com;TEACHER.16.CINEL.PT@YOPMAIL.COM;teacher.16.cinel.pt@yopmail.com;TEACHER.16.CINEL.PT@YOPMAIL.COM;False;AQAAAAIAAYagAAAAEAsEmZ/QDj55WCoVL81CYpBziWrwcW0oTyfxX7h7VW/zsHlksjIdT2z563jSEyafwA==;Z6L2JHNGCAMUQV4KCER4QA3ZQ7A62QCE;5a8cf1da-f534-464d-ae33-3cf9f6bf8af2;255820514;False;False;;True;0
Vasco;Santos;Vasco Santos;Address of Vasco Santos, 7283;VS;False;00000000-0000-0000-0000-000000000000;https://supershop.blob.core.windows.net/placeholders/noimage.png;29b4d4be-28c5-4fef-9400-19bbcd9efed0;vasco.santos.cinel.pt@yopmail.com;VASCO.SANTOS.CINEL.PT@YOPMAIL.COM;vasco.santos.cinel.pt@yopmail.com;VASCO.SANTOS.CINEL.PT@YOPMAIL.COM;False;AQAAAAIAAYagAAAAEHOP1uis1F0BNSPxwwz+WKo20n18ocM7cNnuSDREIUM12qqvYz5HdD0d1TPTkK7WYw==;WSFELPQ52WCGJ4R3CR7U4FMHFN3Z2MZK;0dcdf1e3-3366-4598-a0fd-a3ba1e10eed1;741125601;False;False;;True;0
Diogo;Alves;Diogo Alves;Calle Luna, 4737;DA;False;00000000-0000-0000-0000-000000000000;https://supershop.blob.core.windows.net/placeholders/noimage.png;330937ba-184c-4c52-9060-e73fbec83887;diogo.alves.28645@formandos.cinel.pt;DIOGO.ALVES.28645@FORMANDOS.CINEL.PT;diogo.alves.28645@formandos.cinel.pt;DIOGO.ALVES.28645@FORMANDOS.CINEL.PT;False;AQAAAAIAAYagAAAAEOQgaKo1M79z5Ocv0hFRXkAwpD5BS904NvGO+MvbFByx9mhcXaSDqzYXkMrTh9258Q==;PM3XEU3D32ZOH2MTPZCKMDQHTDO26Q63;c991184c-4e05-47e2-ba3d-659a6c27c6d3;441982138;False;False;;True;0
Luis;Leopoldo;Luis Leopoldo;Address of Luis Leopoldo, 3555;LL;False;00000000-0000-0000-0000-000000000000;https://supershop.blob.core.windows.net/placeholders/noimage.png;33364180-9e36-4cea-a5ae-f39d541fd2b9;luis.leopoldo.cinel.pt@yopmail.com;LUIS.LEOPOLDO.CINEL.PT@YOPMAIL.COM;luis.leopoldo.cinel.pt@yopmail.com;LUIS.LEOPOLDO.CINEL.PT@YOPMAIL.COM;False;AQAAAAIAAYagAAAAEKNf8ar0cEW0m6jllwHASFr5G9uiBKEeIzcUS3SZ/7W0n2Xv+HJRE/GBM0yoN/8K3A==;YXB6RT5EJ6X5HHQU6LVMEOJJQOLXT5UH;7db84b03-e413-484d-aad7-f7acfa2e965f;140137116;False;False;;True;0
Teacher;6;Teacher 6;Address of Teacher 6, 5569;T6;False;00000000-0000-0000-0000-000000000000;https://supershop.blob.core.windows.net/placeholders/noimage.png;33bf1152-e817-43e3-a1b8-6ebb66d2f4f3;teacher.6.cinel.pt@yopmail.com;TEACHER.6.CINEL.PT@YOPMAIL.COM;teacher.6.cinel.pt@yopmail.com;TEACHER.6.CINEL.PT@YOPMAIL.COM;False;AQAAAAIAAYagAAAAENMTZN9cm0h8NYtP4vCaUnO2WH8Bae9z+9eyT9uZl5nuWuSMWLwkGY+8/S7L0px6xQ==;HFU6LTHL2O2SN5WU7BGYN2FPSBAAW5RZ;7d991cf1-02ae-46a6-86c9-85020ee7b903;575107077;False;False;;True;0
Teacher;18;Teacher 18;Address of Teacher 18, 6780;T1;False;00000000-0000-0000-0000-000000000000;https://supershop.blob.core.windows.net/placeholders/noimage.png;376674c4-eed4-42a2-8e5e-b678266384f4;teacher.18.cinel.pt@yopmail.com;TEACHER.18.CINEL.PT@YOPMAIL.COM;teacher.18.cinel.pt@yopmail.com;TEACHER.18.CINEL.PT@YOPMAIL.COM;False;AQAAAAIAAYagAAAAEPzhNVJU56oCXI91gtcX4vpLkHd+kPeYzy89fbgfk6homqcOsg085YbHmlAtpGEsyA==;PB3UXPVFYQLUHFM3UOMKABWS2GNQ4ISY;064c9479-a1a3-4413-8c15-7b72e3ed8e1e;972742422;False;False;;True;0
Luis;Patricio;Luis Patricio;Address of Luis Patricio, 2562;LP;False;00000000-0000-0000-0000-000000000000;https://supershop.blob.core.windows.net/placeholders/noimage.png;3d4a18a8-2380-4867-be8c-590310d5c292;luis.patricio.cinel.pt@yopmail.com;LUIS.PATRICIO.CINEL.PT@YOPMAIL.COM;luis.patricio.cinel.pt@yopmail.com;LUIS.PATRICIO.CINEL.PT@YOPMAIL.COM;False;AQAAAAIAAYagAAAAEGKJ9ulgWzMWkUVlN1w6CUqwdrIj4X6udUkhQiQPoZ4tJJ0VvB5HNkFf7yIqiTixBQ==;SBIL4QI56NAX5UTTBZ4DDSWSDZCKCQKP;e7848e52-8d38-49cd-b742-43e74e255d22;104087431;False;False;;True;0
Teacher;8;Teacher 8;Address of Teacher 8, 6959;T8;False;00000000-0000-0000-0000-000000000000;https://supershop.blob.core.windows.net/placeholders/noimage.png;4112061e-4caa-49e9-872f-ae798c3042d9;teacher.8.cinel.pt@yopmail.com;TEACHER.8.CINEL.PT@YOPMAIL.COM;teacher.8.cinel.pt@yopmail.com;TEACHER.8.CINEL.PT@YOPMAIL.COM;False;AQAAAAIAAYagAAAAEKEREGuEqGiQMEEPtdzNzPJIsstan0R1u8udrl8ccMj9CCUt6TDmAjo2l3CF51/Shw==;XOVRAHKQV5VQCT3B6TRYU3K42JJWSVYD;f36a1611-ef69-4b30-9150-f2c8adf673ad;339016511;False;False;;True;0
Teacher;28;Teacher 28;Address of Teacher 28, 3493;T2;False;00000000-0000-0000-0000-000000000000;https://supershop.blob.core.windows.net/placeholders/noimage.png;4568e2ce-339f-46f4-a650-832eb6480e24;teacher.28.cinel.pt@yopmail.com;TEACHER.28.CINEL.PT@YOPMAIL.COM;teacher.28.cinel.pt@yopmail.com;TEACHER.28.CINEL.PT@YOPMAIL.COM;False;AQAAAAIAAYagAAAAENz2q4EItw78hCHBMJtXeGC3U2u0PIePQYT8+nvsfhELdaxMALTwO0dvz+IAv2y4eg==;DF4YFBDNFUX3UJQ2FPWJE4SDPUFFZRWK;76723d71-8314-4cf8-ba0d-2aa5b9fb5d85;485451607;False;False;;True;0
Teacher;2;Teacher 2;Address of Teacher 2, 4889;T2;False;00000000-0000-0000-0000-000000000000;https://supershop.blob.core.windows.net/placeholders/noimage.png;49bc364c-a5bc-4974-9fc2-81a834740fd1;teacher.2.cinel.pt@yopmail.com;TEACHER.2.CINEL.PT@YOPMAIL.COM;teacher.2.cinel.pt@yopmail.com;TEACHER.2.CINEL.PT@YOPMAIL.COM;False;AQAAAAIAAYagAAAAEJY6Kfg9drXjOFO/NGf0lX1hKYgq0LPUrSEHUIuo0kJkhNrf1NY+J9agsxm+iFxY0Q==;CHALHV7OG4MH6XD4GH6NIXJT4GDIBFXG;b7db093d-02a2-4d7f-83bf-8ca85f32ddbb;948273887;False;False;;True;0
Filipe;Baptista;Filipe Baptista;Address of Filipe Baptista, 6286;FB;False;00000000-0000-0000-0000-000000000000;https://supershop.blob.core.windows.net/placeholders/noimage.png;4c2fc6cf-7904-400a-935c-a8f7e3dc54bc;filipe.baptista.cinel.pt@yopmail.com;FILIPE.BAPTISTA.CINEL.PT@YOPMAIL.COM;filipe.baptista.cinel.pt@yopmail.com;FILIPE.BAPTISTA.CINEL.PT@YOPMAIL.COM;False;AQAAAAIAAYagAAAAEOp7QPFckimfT8fjfaK9BCgjyM7A1skDWW6nKp8gO9XImqWjLX+TpwCNhr3gw25HOw==;OYA7GFGULHAKYJ5LYQAUV7RSPQQJKYDR;8f614c9c-8bb6-4c03-b15f-7db00e87680c;379714451;False;False;;True;0
Dário;Dias;Dário Dias;Address of Dário Dias, 3079;DD;False;00000000-0000-0000-0000-000000000000;https://supershop.blob.core.windows.net/placeholders/noimage.png;54732632-a6fc-492f-ac09-8e14f4335f45;drio.dias.cinel.pt@yopmail.com;DRIO.DIAS.CINEL.PT@YOPMAIL.COM;drio.dias.cinel.pt@yopmail.com;DRIO.DIAS.CINEL.PT@YOPMAIL.COM;False;AQAAAAIAAYagAAAAEHUhXbQXKU0SJNoJHCnPpEThGBKuqom2KspuZzkRGaDqVgzW4bVrwIlnUhxlho4puA==;VVGIUW4YEHF2TF4MU7HVK4KL3IGLFD6R;8a045aaf-e3bb-4883-838a-92200a8a07e8;492566305;False;False;;True;0
Vitorino;Freitas;Vitorino Freitas;Address of Vitorino Freitas, 8755;VF;False;00000000-0000-0000-0000-000000000000;https://supershop.blob.core.windows.net/placeholders/noimage.png;5a9c0bf5-5de5-4875-8541-7e764f47ddf1;vitorino.freitas.cinel.pt@yopmail.com;VITORINO.FREITAS.CINEL.PT@YOPMAIL.COM;vitorino.freitas.cinel.pt@yopmail.com;VITORINO.FREITAS.CINEL.PT@YOPMAIL.COM;False;AQAAAAIAAYagAAAAENIM80azLdJ6JiOdDtJWp8GaF5GU0+SW0AFn30PeynGJHwI1odxN3sZWjqqVFxU74w==;YA3FUAQMTRUCA7JKUNQR2OCOUPVEEE42;5b28b941-9c1a-413f-b3c2-f00a37f0f92a;984383438;False;False;;True;0
Teacher;9;Teacher 9;Address of Teacher 9, 5660;T9;False;00000000-0000-0000-0000-000000000000;https://supershop.blob.core.windows.net/placeholders/noimage.png;5bedde09-44ef-4220-9b9b-0e9407507674;teacher.9.cinel.pt@yopmail.com;TEACHER.9.CINEL.PT@YOPMAIL.COM;teacher.9.cinel.pt@yopmail.com;TEACHER.9.CINEL.PT@YOPMAIL.COM;False;AQAAAAIAAYagAAAAED93SzDsAAPVqBDZxvoTkzuW+aNjB3weDWA82XDJHxke/PEBhQ7D6wMUN0PhVPP1iA==;AVSMVJYI2ECK7MNG7HEDCSC7F3ZQ244E;5e8cd5a8-4023-43a1-bbc2-7bba14d768c7;227109909;False;False;;True;0
Licínio;Rosário;Licínio Rosário;Address of Licínio Rosário, 8990;LR;False;00000000-0000-0000-0000-000000000000;https://supershop.blob.core.windows.net/placeholders/noimage.png;5c465255-2861-4e3d-9059-2fe46ae69a7f;licnio.rosrio.cinel.pt@yopmail.com;LICNIO.ROSRIO.CINEL.PT@YOPMAIL.COM;licnio.rosrio.cinel.pt@yopmail.com;LICNIO.ROSRIO.CINEL.PT@YOPMAIL.COM;False;AQAAAAIAAYagAAAAEMLQLL9oXQ0HWuztYyL1Bkug0mdprJurZy1Q2BM4d5y0AcLymRqbRSJPv9iPkH5pCA==;CSFRFVYUWIRJMPNXEJMCHPLUCGM452AQ;fc5c54a0-eda6-435e-8a92-9db8abd3df6c;481670412;False;False;;True;0
Tiago;Silva;Tiago Silva;Address of Tiago Silva, 5875;TS;False;00000000-0000-0000-0000-000000000000;https://supershop.blob.core.windows.net/placeholders/noimage.png;5cd2524b-6a82-4afb-be46-0b1dcda2f270;tiago.silva.cinel.pt@yopmail.com;TIAGO.SILVA.CINEL.PT@YOPMAIL.COM;tiago.silva.cinel.pt@yopmail.com;TIAGO.SILVA.CINEL.PT@YOPMAIL.COM;False;AQAAAAIAAYagAAAAEE91w8vvoWPUhIS7dEIOyF7x2AZLD0VwYchlmm7WcSi9Je8FO5DeR6hlckf8+FzGrQ==;CEAONRM7URBRPM32NXDOU3REER2A6KCM;ca67d0ab-4e87-47cc-a413-5af38a5c6dfa;794216253;False;False;;True;0
Pedro;Silva;Pedro Silva;Address of Pedro Silva, 2029;PS;False;00000000-0000-0000-0000-000000000000;https://supershop.blob.core.windows.net/placeholders/noimage.png;5e0a95dc-3249-4b9f-9dfc-21c18b4e673b;pedro.silva.cinel.pt@yopmail.com;PEDRO.SILVA.CINEL.PT@YOPMAIL.COM;pedro.silva.cinel.pt@yopmail.com;PEDRO.SILVA.CINEL.PT@YOPMAIL.COM;False;AQAAAAIAAYagAAAAEJ1yOocgY9t3vaZRcU+85nDtb9WuWWJDpBfLHC2xRDOPje8dHDFcAHb54nhLrhd0gA==;BELQKZWHWFMKKUGVUG2QBNJW6CL6NRBK;d8603b48-d2f3-49dd-b98d-2129ae95cc0b;520556474;False;False;;True;0
Vitor;Santos;Vitor Santos;Address of Vitor Santos, 1022;VS;False;00000000-0000-0000-0000-000000000000;https://supershop.blob.core.windows.net/placeholders/noimage.png;5fd60961-762b-4a55-a221-2b6e98119feb;vitor.santos.cinel.pt@yopmail.com;VITOR.SANTOS.CINEL.PT@YOPMAIL.COM;vitor.santos.cinel.pt@yopmail.com;VITOR.SANTOS.CINEL.PT@YOPMAIL.COM;False;AQAAAAIAAYagAAAAEHGuiNaG8oU1z6AvpIYuPN1vzB+aoKJf+5iZGrt++SP+c8yOMj5kvooSh6SL7SzPrw==;LVYPD3XMC6C45SPIKV2JZSDX5KBVPPFD;3b98256a-a933-4e25-be1e-09002daea842;344026331;False;False;;True;0
Vitorino;Silva;Vitorino Silva;Address of Vitorino Silva, 3117;VS;False;00000000-0000-0000-0000-000000000000;https://supershop.blob.core.windows.net/placeholders/noimage.png;5fd7ea70-3c32-4d2f-8756-f69eb55a681e;vitorino.silva.cinel.pt@yopmail.com;VITORINO.SILVA.CINEL.PT@YOPMAIL.COM;vitorino.silva.cinel.pt@yopmail.com;VITORINO.SILVA.CINEL.PT@YOPMAIL.COM;False;AQAAAAIAAYagAAAAEApAS/0KXQ8MBNZr9Xh9lIhoANGqoP/IE5ET8xHJg8YVJSs0m8bLcSj3FKHz1Xp8bQ==;ZPV4CKM3ZFWMQA6SBOF6DABCVYBWOETX;003f03f6-a877-4dad-af57-ae6511cee536;709050139;False;False;;True;0
Teacher;17;Teacher 17;Address of Teacher 17, 7723;T1;False;00000000-0000-0000-0000-000000000000;https://supershop.blob.core.windows.net/placeholders/noimage.png;67ef7446-fff3-4bc5-a020-e8a10e113137;teacher.17.cinel.pt@yopmail.com;TEACHER.17.CINEL.PT@YOPMAIL.COM;teacher.17.cinel.pt@yopmail.com;TEACHER.17.CINEL.PT@YOPMAIL.COM;False;AQAAAAIAAYagAAAAEM/9mP1EgMQ+UsQZcfJGGDh6DsPWKGUUMfGcMHwTmnK9M8JdG21joXC1gBhdcXF7Vg==;VBU3XE7SIIMETXNXR77HX76MYTWBCBL5;f5906f0c-4421-4b48-a31e-fbebf40b56d1;864898451;False;False;;True;0
Teacher;11;Teacher 11;Address of Teacher 11, 2072;T1;False;00000000-0000-0000-0000-000000000000;https://supershop.blob.core.windows.net/placeholders/noimage.png;6e6c28fa-ec0b-4ad4-ad19-6522bc343ff0;teacher.11.cinel.pt@yopmail.com;TEACHER.11.CINEL.PT@YOPMAIL.COM;teacher.11.cinel.pt@yopmail.com;TEACHER.11.CINEL.PT@YOPMAIL.COM;False;AQAAAAIAAYagAAAAECuzo8JDHQfjhpdSN9SvjzQBopHykQxVb086dDKlINnU+AEd4e0dZZweaxz2KtUjuA==;56HGOEQPN5C7XJHYYH6MHPWCT4OPARUR;5a10d12e-c40f-4791-b7cd-f80d7ce59dee;284730821;False;False;;True;0
Jorge;Pinto;Jorge Pinto;Calle Luna, 7324;JP;False;00000000-0000-0000-0000-000000000000;https://supershop.blob.core.windows.net/placeholders/noimage.png;7699b293-2b97-4cc2-b389-b1a077a9be65;jorge.pinto.28720@formandos.cinel.pt;JORGE.PINTO.28720@FORMANDOS.CINEL.PT;jorge.pinto.28720@formandos.cinel.pt;JORGE.PINTO.28720@FORMANDOS.CINEL.PT;False;AQAAAAIAAYagAAAAEH5WJWPuf1spOIOYTdmU5K6ieFBXOyNRuopwYZM/3d+kpbgs0debSix9sKOedsY9TQ==;5WSCSEV3BNX6CD7JJYT2GOOUS4ERN2SE;80229c85-2c63-4cba-b845-3cceb61212e0;555408037;False;False;;True;0
Rafael;Santos;Rafael Santos;Calle Luna, 5490;RS;False;00000000-0000-0000-0000-000000000000;https://supershop.blob.core.windows.net/placeholders/noimage.png;78410a46-afb9-4358-9634-04a37bd4897c;rafael.santos@cinel.pt;RAFAEL.SANTOS@CINEL.PT;rafael.santos@cinel.pt;RAFAEL.SANTOS@CINEL.PT;False;AQAAAAIAAYagAAAAEBhw8aDFrth0jXY+AavXfYAkV3K4eceRDSYbxAYrQIP0py5eWxZXaN/y0w/dhwVM0A==;4AH2EFQ34Z5J3E2MKMTO6KADBYHTMJBJ;6778b503-74f2-4de1-a1c8-705c2b0f33af;647728100;False;False;;True;0
Maria;Cristina;Maria Cristina;Address of Maria Cristina, 1100;MC;False;00000000-0000-0000-0000-000000000000;https://supershop.blob.core.windows.net/placeholders/noimage.png;7a408f0a-efa9-49e5-901e-e82966de8046;maria.cristina.cinel.pt@yopmail.com;MARIA.CRISTINA.CINEL.PT@YOPMAIL.COM;maria.cristina.cinel.pt@yopmail.com;MARIA.CRISTINA.CINEL.PT@YOPMAIL.COM;False;AQAAAAIAAYagAAAAENGjqEb7wvrHeQFWGQ4jxsSA0yAoidoznv4Bp0GaAcZUONi3RV4DaJRPSErfOmAKng==;GMAR5MDP3VVDLC4WYKIVGJSF5Z5EQTRP;26e854f8-132e-48e9-baf5-9a0727afacbf;572839042;False;False;;True;0
Teacher;26;Teacher 26;Address of Teacher 26, 7124;T2;False;00000000-0000-0000-0000-000000000000;https://supershop.blob.core.windows.net/placeholders/noimage.png;7ce64b3c-a7a5-4720-9e25-7aa9eb8ce11e;teacher.26.cinel.pt@yopmail.com;TEACHER.26.CINEL.PT@YOPMAIL.COM;teacher.26.cinel.pt@yopmail.com;TEACHER.26.CINEL.PT@YOPMAIL.COM;False;AQAAAAIAAYagAAAAEC3MpUDYzNDtq08m8b95CZx3kEflRVJm5TRyzBbxBKC0zSAe/tj/vunoCSdZe0vG6Q==;ZX2FCC5WAUIUYCP3AKZ2X67UJHY3RFSH;2c28ac11-c5d0-43fa-b923-3b74130d739c;442947185;False;False;;True;0
Teacher;15;Teacher 15;Address of Teacher 15, 8262;T1;False;00000000-0000-0000-0000-000000000000;https://supershop.blob.core.windows.net/placeholders/noimage.png;88249419-6b70-4707-a817-3c3bf2a771fd;teacher.15.cinel.pt@yopmail.com;TEACHER.15.CINEL.PT@YOPMAIL.COM;teacher.15.cinel.pt@yopmail.com;TEACHER.15.CINEL.PT@YOPMAIL.COM;False;AQAAAAIAAYagAAAAEGBmcqpp8jiHDga00/7Wk+VbzBnWRdQ2ZrmCIoc4vZdw142EFj7R1F7hVHDIwe5h9A==;ON2H4TUZ7CGWUY36AQU6YT7ZXRQ47XQ5;c805882a-8365-4443-9496-875c8e6600d2;186776763;False;False;;True;0
Joel;Rangel;Joel Rangel;Calle Luna, 743;JR;False;00000000-0000-0000-0000-000000000000;https://supershop.blob.core.windows.net/placeholders/noimage.png;8b6ce1af-d357-48c6-b165-9c79dcaa8e69;joel.rangel.22101@formandos.cinel.pt;JOEL.RANGEL.22101@FORMANDOS.CINEL.PT;joel.rangel.22101@formandos.cinel.pt;JOEL.RANGEL.22101@FORMANDOS.CINEL.PT;False;AQAAAAIAAYagAAAAEEKxxu9l9pPc8LxUj+KpK77l7DbHuR5ByAQRVfdYJtAr4F06VrGMyPD3s04SrJSFAA==;XP7UW53TSV2ZXJWWJI2QPR4K3NQ2X5EK;e1b60f4d-2f12-4e3e-825c-30277c5a4df7;307484829;False;False;;True;0
Simão;André;Simão André;Address of Simão André, 6240;SA;False;00000000-0000-0000-0000-000000000000;https://supershop.blob.core.windows.net/placeholders/noimage.png;8e4b3b8e-bb1d-4a0c-9dd3-cdb08646894e;simo.andr.cinel.pt@yopmail.com;SIMO.ANDR.CINEL.PT@YOPMAIL.COM;simo.andr.cinel.pt@yopmail.com;SIMO.ANDR.CINEL.PT@YOPMAIL.COM;False;AQAAAAIAAYagAAAAEOfMsFRjUzBN31a0OEBW11zlDl8kZbbyIP9eyFsFxRDbtTjULsgaGqDwhpm/o0q2gw==;NBCSVJPY4UUMAKR7MIHS7WHXOXUOW57C;4d1b4e3c-7d56-4d89-a7d1-f980bd3828c8;755762142;False;False;;True;0
Teacher;21;Teacher 21;Address of Teacher 21, 872;T2;False;00000000-0000-0000-0000-000000000000;https://supershop.blob.core.windows.net/placeholders/noimage.png;8ecac486-9ccf-424e-845c-afecb65d6285;teacher.21.cinel.pt@yopmail.com;TEACHER.21.CINEL.PT@YOPMAIL.COM;teacher.21.cinel.pt@yopmail.com;TEACHER.21.CINEL.PT@YOPMAIL.COM;False;AQAAAAIAAYagAAAAENsNYaXiYNP3cej2RUZ9HaFUBhVKRv5jANdSychuwYnryCMJlRDSrQVc+Z9alg4O6g==;LRZLOBPIN6KZY5HIOVXHAT47VTYLRMY3;00550a62-b182-46c2-8b01-943974f43e0b;814502662;False;False;;True;0
Láercio;Rodrigues;Láercio Rodrigues;Address of Láercio Rodrigues, 4328;LR;False;00000000-0000-0000-0000-000000000000;https://supershop.blob.core.windows.net/placeholders/noimage.png;9359d09b-d292-4d88-b362-dbdba7ea4b9a;lercio.rodrigues.cinel.pt@yopmail.com;LERCIO.RODRIGUES.CINEL.PT@YOPMAIL.COM;lercio.rodrigues.cinel.pt@yopmail.com;LERCIO.RODRIGUES.CINEL.PT@YOPMAIL.COM;False;AQAAAAIAAYagAAAAEFfctQNjydtPNjXcMYViInX4nOYrhvApltxs34z6BVocuLlEYEadOJH4F5zEldURlA==;3OKET4XKWY4G56VHDVOIDA4KIHWZHZOS;9b404577-fa0f-4083-b499-5978c5167d87;951003031;False;False;;True;0
Joel;Santo Rangel;Joel Santo Rangel;Address of Joel Santo Rangel, 5746;JR;False;00000000-0000-0000-0000-000000000000;https://supershop.blob.core.windows.net/placeholders/noimage.png;94b5cce4-edb5-466b-8c72-6ebc6db33c5b;joel.santorangel.cinel.pt@yopmail.com;JOEL.SANTORANGEL.CINEL.PT@YOPMAIL.COM;joel.santorangel.cinel.pt@yopmail.com;JOEL.SANTORANGEL.CINEL.PT@YOPMAIL.COM;False;AQAAAAIAAYagAAAAEC/4l7T9DY1rHMlzaW1ku/OuLW12YK3nJ6cq3UIBZt/x3xsHiJyLz2it4n/TBkvRDw==;DITNKVVSHSDTWAZIC3NXMNDUKNNPOWIO;02271a1a-9df8-4671-848c-a7bec8b52e00;656501723;False;False;;True;0
Mariana;Leite;Mariana Leite;Address of Mariana Leite, 6691;ML;False;00000000-0000-0000-0000-000000000000;https://supershop.blob.core.windows.net/placeholders/noimage.png;980abbe6-3bae-4da6-a908-8961d6e3834d;mariana.leite.cinel.pt@yopmail.com;MARIANA.LEITE.CINEL.PT@YOPMAIL.COM;mariana.leite.cinel.pt@yopmail.com;MARIANA.LEITE.CINEL.PT@YOPMAIL.COM;False;AQAAAAIAAYagAAAAEJTxOktM0bBdSFAhBpPOrsxZWB683renYz7bhTz2MBaXdouIa8mODesgsx6c00sgVw==;LCQVXSIZALNVIEC6ZN5JLHKRYNKOJEGP;eb930756-22f5-4606-8b25-a64cd2db272c;600112312;False;False;;True;0
Teacher;10;Teacher 10;Address of Teacher 10, 9843;T1;False;00000000-0000-0000-0000-000000000000;https://supershop.blob.core.windows.net/placeholders/noimage.png;990476db-9da4-48dc-8bed-18f551d7a1e5;teacher.10.cinel.pt@yopmail.com;TEACHER.10.CINEL.PT@YOPMAIL.COM;teacher.10.cinel.pt@yopmail.com;TEACHER.10.CINEL.PT@YOPMAIL.COM;False;AQAAAAIAAYagAAAAEPD9cYnHXzVoukfEAEf25Fu2ysOh2fyaZbUe/YPIedrN1AvcdbEBOyi7D7bpHDF2Tw==;7SYTVZVZHCESJRFPR5R3JBUXE3MLE2FX;d4cf41e3-d68e-4ea1-bd4b-69eac090eff7;444873917;False;False;;True;0
Nuno;Santos;Nuno Santos;Calle Luna, 1450;NS;False;00000000-0000-0000-0000-000000000000;https://supershop.blob.core.windows.net/placeholders/noimage.png;9a88ba99-f8a4-49d2-aa27-a904bb256ecb;nuno.santos.26288@formandos.cinel.pt;NUNO.SANTOS.26288@FORMANDOS.CINEL.PT;nuno.santos.26288@formandos.cinel.pt;NUNO.SANTOS.26288@FORMANDOS.CINEL.PT;False;AQAAAAIAAYagAAAAEDVpPepYB+I+4tidXDWrH3jkYD3fBnBjzDktmMJfewKJN7yCVeiC+JBtyT/njlHLBQ==;YHCBKTFTMULILW3VKIQJMXKYX4QBYKIB;3df09ca3-227b-4806-8fb0-65d11afbdacb;902131856;False;False;;True;0
Jorge;Pinto;Jorge Pinto;Address of Jorge Pinto, 9749;JP;False;00000000-0000-0000-0000-000000000000;https://supershop.blob.core.windows.net/placeholders/noimage.png;9fa0b81f-86cf-4c7b-aacc-77fc426d8411;jorge.pinto.cinel.pt@yopmail.com;JORGE.PINTO.CINEL.PT@YOPMAIL.COM;jorge.pinto.cinel.pt@yopmail.com;JORGE.PINTO.CINEL.PT@YOPMAIL.COM;False;AQAAAAIAAYagAAAAEGn++bT/kc5wTToBBk+CWqgx4G4CnHRN8mj7EZvJR8MBA+pT6G4WuGL5hIMxh26C1g==;BRG7IDRVZYV3ZRQ32C232OA36IFSHA6F;69a7d430-23f9-40bd-a552-835a8e80aaa7;821426208;False;False;;True;0
Teacher;30;Teacher 30;Address of Teacher 30, 3118;T3;False;00000000-0000-0000-0000-000000000000;https://supershop.blob.core.windows.net/placeholders/noimage.png;a3d5b7b7-cbcb-4194-8d64-73f5110b0a1e;teacher.30.cinel.pt@yopmail.com;TEACHER.30.CINEL.PT@YOPMAIL.COM;teacher.30.cinel.pt@yopmail.com;TEACHER.30.CINEL.PT@YOPMAIL.COM;False;AQAAAAIAAYagAAAAEP8/qKZ3n+IBLN5iza7d8Im+PLTvUM4WmDfoICxWMq+rmxsF03be+H/kVtYjrFn/eQ==;OBE66RE4M5G7LPAD5THU45FBZSRQNOS6;af5a80ac-0b1b-4a30-ad21-d68fa29ebfac;450104770;False;False;;True;0
Diogo;Santana;Diogo Santana;Address of Diogo Santana, 5773;DS;False;00000000-0000-0000-0000-000000000000;https://supershop.blob.core.windows.net/placeholders/noimage.png;a95e0d88-899b-4bf5-a6a7-4c8d24c902e9;diogo.santana.cinel.pt@yopmail.com;DIOGO.SANTANA.CINEL.PT@YOPMAIL.COM;diogo.santana.cinel.pt@yopmail.com;DIOGO.SANTANA.CINEL.PT@YOPMAIL.COM;False;AQAAAAIAAYagAAAAECoweIIjWrKN+g2eVfEvHHb868lTpy6r706mDfYk4B2RJREJmg7uukNgh65NdW3zVQ==;43MODGSQVERRLPRU5A7PKEEO7QY2QT4D;230e25e1-4b93-4f32-98fe-78eb330a917c;815879895;False;False;;True;0
Teacher;19;Teacher 19;Address of Teacher 19, 1044;T1;False;00000000-0000-0000-0000-000000000000;https://supershop.blob.core.windows.net/placeholders/noimage.png;ab8713c2-22dd-4860-9679-622c4539dfd0;teacher.19.cinel.pt@yopmail.com;TEACHER.19.CINEL.PT@YOPMAIL.COM;teacher.19.cinel.pt@yopmail.com;TEACHER.19.CINEL.PT@YOPMAIL.COM;False;AQAAAAIAAYagAAAAEAukgNCP0vas4f+j6HwLsvssY0arz0RwidHIscdE7bI4GkwOHF0cwBYvkTaoemTSSA==;RTFF2SX5MXULK3H6WAJ6E43NOOSP5Q5U;d68c6acc-902d-4574-9780-c4a4879de6be;839439621;False;False;;True;0
Mariana;Oliveira;Mariana Oliveira;Address of Mariana Oliveira, 2454;MO;False;00000000-0000-0000-0000-000000000000;https://supershop.blob.core.windows.net/placeholders/noimage.png;ba0626d4-55bb-4e5e-be97-1e4d4b7b4b5b;mariana.oliveira.cinel.pt@yopmail.com;MARIANA.OLIVEIRA.CINEL.PT@YOPMAIL.COM;mariana.oliveira.cinel.pt@yopmail.com;MARIANA.OLIVEIRA.CINEL.PT@YOPMAIL.COM;False;AQAAAAIAAYagAAAAEOd014I9V6lSGCgMwqMb/VRTiNtBVHvHp6JbY7TnMaQBpRNV8O7mNzE2YzC//TMnmw==;UTM2AZCMUAGXG6UAIB4EPZSGUP7PH7QJ;92d24594-cffe-4717-864a-19b0f9bf86be;767094715;False;False;;True;0
Teacher;23;Teacher 23;Address of Teacher 23, 5441;T2;False;00000000-0000-0000-0000-000000000000;https://supershop.blob.core.windows.net/placeholders/noimage.png;bca7ca05-8544-4e0d-a457-fd580ed57ed3;teacher.23.cinel.pt@yopmail.com;TEACHER.23.CINEL.PT@YOPMAIL.COM;teacher.23.cinel.pt@yopmail.com;TEACHER.23.CINEL.PT@YOPMAIL.COM;False;AQAAAAIAAYagAAAAEEsUrbP0kWkEmTPfo2nyptf7b/JoUG7RDfZZP90Ms9/GEL1ioFH+E8E7Xlaxz31mEQ==;BIACMQVGYXEKV77FVAQPAKKMCY36ZW73;60cd478c-aed2-4568-82e4-ba4b20ad1b90;343174262;False;False;;True;0
Bruno;Ferreira;Bruno Ferreira;Address of Bruno Ferreira, 4636;BF;False;00000000-0000-0000-0000-000000000000;https://supershop.blob.core.windows.net/placeholders/noimage.png;c23987b9-a041-4166-9bce-0d295cef42ac;bruno.ferreira.cinel.pt@yopmail.com;BRUNO.FERREIRA.CINEL.PT@YOPMAIL.COM;bruno.ferreira.cinel.pt@yopmail.com;BRUNO.FERREIRA.CINEL.PT@YOPMAIL.COM;False;AQAAAAIAAYagAAAAEH++9MzgSP1xIXzlYvm52mu+1KieXE32FWhh0SY6r/Ft6It6zY8tJZxeZHF/zfzi+A==;IIVNSS4W2FJUFRJYRRWT5F7PAGZ7WMVB;fe260d2b-8a31-4686-809e-2bba70d1561b;333505360;False;False;;True;0
Teacher;20;Teacher 20;Address of Teacher 20, 5977;T2;False;00000000-0000-0000-0000-000000000000;https://supershop.blob.core.windows.net/placeholders/noimage.png;c2b285e3-27c0-4e1f-b62f-d0c4bfd0133b;teacher.20.cinel.pt@yopmail.com;TEACHER.20.CINEL.PT@YOPMAIL.COM;teacher.20.cinel.pt@yopmail.com;TEACHER.20.CINEL.PT@YOPMAIL.COM;False;AQAAAAIAAYagAAAAEIYpo1EcJuKV52S3ApY/jy1tGIJX8LLnpXWMjj66Q5gx/3Dm6vKSAGY2sF9mtpQ4VA==;ZFPNUWVQP4C4XUNJ4OPIVNJ45QJKONUN;7d90dfd8-2934-4815-a488-f9a56ed75d8b;321454135;False;False;;True;0
Vitor;Silva;Vitor Silva;Address of Vitor Silva, 76;VS;False;00000000-0000-0000-0000-000000000000;https://supershop.blob.core.windows.net/placeholders/noimage.png;c481cdf7-e43b-4cb5-8daa-d7c1fd960539;vitor.silva.cinel.pt@yopmail.com;VITOR.SILVA.CINEL.PT@YOPMAIL.COM;vitor.silva.cinel.pt@yopmail.com;VITOR.SILVA.CINEL.PT@YOPMAIL.COM;False;AQAAAAIAAYagAAAAEKmSpyVrA2W7swxnX8P5jxyny1AD+QoUBcy90Z0tP3mDDDIVBhGs+ORpZ/WxTXkk4w==;WEKP5RQ56XQQCMHXBAXOWRD6I6SVR6HU;8efa0f6d-82a4-4a50-b39a-bb3535295b1a;164005105;False;False;;True;0
Teacher;3;Teacher 3;Address of Teacher 3, 7223;T3;False;00000000-0000-0000-0000-000000000000;https://supershop.blob.core.windows.net/placeholders/noimage.png;c5b787c0-1e0b-45a2-a742-a44b9a928f55;teacher.3.cinel.pt@yopmail.com;TEACHER.3.CINEL.PT@YOPMAIL.COM;teacher.3.cinel.pt@yopmail.com;TEACHER.3.CINEL.PT@YOPMAIL.COM;False;AQAAAAIAAYagAAAAEIWtfO4XY8lwDd/Tywh/ELy0GxNJKCvcHcZ7gYQOxfXqQ4GPAYHgnxZFstaVGQZ3TQ==;ZIUBVNH4HMWZ42ILCR2WK4L5U5JE5C7E;97310618-83e8-4066-9287-fdb16ed24168;551583991;False;False;;True;0
Duarte;Marques;Duarte Marques;Address of Duarte Marques, 7746;DM;False;00000000-0000-0000-0000-000000000000;https://supershop.blob.core.windows.net/placeholders/noimage.png;c8d00da4-8c46-47da-a297-15d9001b6563;duarte.marques.cinel.pt@yopmail.com;DUARTE.MARQUES.CINEL.PT@YOPMAIL.COM;duarte.marques.cinel.pt@yopmail.com;DUARTE.MARQUES.CINEL.PT@YOPMAIL.COM;False;AQAAAAIAAYagAAAAEExTRNR8c+u4JvtJMxs7RquxFvfv3GUed5ZRrbG2JjvR49fLi9eTc06iaOVwVdOGxQ==;PK2NRFOQHS3EUFO76KURBHIOQ6JM5ZOA;6aa52b5b-af9b-4284-ae39-76c075952b2c;247106375;False;False;;True;0
Teacher;29;Teacher 29;Address of Teacher 29, 5211;T2;False;00000000-0000-0000-0000-000000000000;https://supershop.blob.core.windows.net/placeholders/noimage.png;c9f1e51f-61ef-43c1-b814-76ec845702ad;teacher.29.cinel.pt@yopmail.com;TEACHER.29.CINEL.PT@YOPMAIL.COM;teacher.29.cinel.pt@yopmail.com;TEACHER.29.CINEL.PT@YOPMAIL.COM;False;AQAAAAIAAYagAAAAELqk9h7kUXr5TTJSGvFdr/r2Z/YZc/ndCW9kBAlkwqrQxfxGrjY4lKp2m0qLzKDi7w==;HCNUCOL2WVWCPJVPYX2JL3K6GT2UC35K;24af5057-abdf-495a-83ce-8d6b150ef23d;686945985;False;False;;True;0
Teacher;5;Teacher 5;Address of Teacher 5, 1329;T5;False;00000000-0000-0000-0000-000000000000;https://supershop.blob.core.windows.net/placeholders/noimage.png;cbb1494b-0e89-418c-ada6-6e63f38aed27;teacher.5.cinel.pt@yopmail.com;TEACHER.5.CINEL.PT@YOPMAIL.COM;teacher.5.cinel.pt@yopmail.com;TEACHER.5.CINEL.PT@YOPMAIL.COM;False;AQAAAAIAAYagAAAAEAdmFXiFBAXesIUKsfqH/ja7++gl4x+qxSAMguUaIddQGRDLr8YHS1iALCsNAL2niA==;LCITKGOQXEPWJY6E3VPHR2JAVKYGNZ45;9c4af9cb-929c-4477-b1c9-4b16eddcaa56;213812994;False;False;;True;0
Teacher;24;Teacher 24;Address of Teacher 24, 9011;T2;False;00000000-0000-0000-0000-000000000000;https://supershop.blob.core.windows.net/placeholders/noimage.png;cd460348-3e6e-41cd-8587-f524ae184fde;teacher.24.cinel.pt@yopmail.com;TEACHER.24.CINEL.PT@YOPMAIL.COM;teacher.24.cinel.pt@yopmail.com;TEACHER.24.CINEL.PT@YOPMAIL.COM;False;AQAAAAIAAYagAAAAEA1pVAC94ejN+sGYL7PwfzfBZw+qspha6bfLe8B0g9Wkh7iSm4NfkcKq97+nQNtYtA==;PSL7GMCQBNEB5CTXNVPAKIAT45WRYWRU;97e0e6d4-8942-4f63-9be7-7cb7da1a44a9;804884178;False;False;;True;0
Ana;Ribeiro;Ana Ribeiro;Address of Ana Ribeiro, 8022;AR;False;00000000-0000-0000-0000-000000000000;https://supershop.blob.core.windows.net/placeholders/noimage.png;d25bd92f-e33f-4013-80d4-25128ce3d071;ana.ribeiro.cinel.pt@yopmail.com;ANA.RIBEIRO.CINEL.PT@YOPMAIL.COM;ana.ribeiro.cinel.pt@yopmail.com;ANA.RIBEIRO.CINEL.PT@YOPMAIL.COM;False;AQAAAAIAAYagAAAAEAgt/WH+Wk05i2nevAMpaXJTFTXqzmVgBvJgr8OO+VvgU47eGiDFtwIaKorF49McXA==;3SG5ZA2PLX6K4QOHLO4CTUEUX64QU6JJ;eac13927-c898-46b2-b75f-51963ece4ae3;366111762;False;False;;True;0
Licinio;Rosario;Licinio Rosario;Calle Luna, 2887;LR;False;00000000-0000-0000-0000-000000000000;https://supershop.blob.core.windows.net/placeholders/noimage.png;d89213a3-4a1a-4591-84fd-d440af8c8ce1;licinio.do.rosario@formandos.cinel.pt;LICINIO.DO.ROSARIO@FORMANDOS.CINEL.PT;licinio.do.rosario@formandos.cinel.pt;LICINIO.DO.ROSARIO@FORMANDOS.CINEL.PT;False;AQAAAAIAAYagAAAAEJErWGw/XFLaEhHxXKVta7rjEhK84T+UfYUqtoXWEeYH2mfZZoZxwWzetnW7lumT5g==;BVMOT5S7LHDS35QOBI5N55VFVFKVXEUZ;592d4c8c-a754-4a85-9342-e7e20a0846bd;836527771;False;False;;True;0
Nuno;Vilhena Santos;Nuno Vilhena Santos;Address of Nuno Vilhena Santos, 5520;NS;False;00000000-0000-0000-0000-000000000000;https://supershop.blob.core.windows.net/placeholders/noimage.png;daeceedb-c116-4bef-a013-bb3e469bbe33;nuno.vilhenasantos.cinel.pt@yopmail.com;NUNO.VILHENASANTOS.CINEL.PT@YOPMAIL.COM;nuno.vilhenasantos.cinel.pt@yopmail.com;NUNO.VILHENASANTOS.CINEL.PT@YOPMAIL.COM;False;AQAAAAIAAYagAAAAEK0qXR4E/qxgoOdW8no9V7PjJ0kXlKphyEx0T4PDjijUnnA6KP5WS7Fc513FyBCccg==;G4MUAKLUR7YCJVJVUW4OEVEJH24I2I4O;2a029ef5-027c-4a09-919b-3b69f9cd207f;296128080;False;False;;True;0
Teacher;27;Teacher 27;Address of Teacher 27, 1130;T2;False;00000000-0000-0000-0000-000000000000;https://supershop.blob.core.windows.net/placeholders/noimage.png;dc8fc75f-b7bc-4984-ac57-85d1962a50d4;teacher.27.cinel.pt@yopmail.com;TEACHER.27.CINEL.PT@YOPMAIL.COM;teacher.27.cinel.pt@yopmail.com;TEACHER.27.CINEL.PT@YOPMAIL.COM;False;AQAAAAIAAYagAAAAEJjmV9lldjwHeVEdFCWfTyHHtxyh0hV0ojTQZM5qlD9IkwW+HNo8PRJSsho1yBOaug==;UG2V2UZPLP4L36SZBDMHA7Y2BZHFPTPT;81f6ba49-f92f-4efb-b936-4bc9058d5151;609688798;False;False;;True;0
Teacher;13;Teacher 13;Address of Teacher 13, 9901;T1;False;00000000-0000-0000-0000-000000000000;https://supershop.blob.core.windows.net/placeholders/noimage.png;dd5713b9-b457-4ac3-91c4-df2897646c81;teacher.13.cinel.pt@yopmail.com;TEACHER.13.CINEL.PT@YOPMAIL.COM;teacher.13.cinel.pt@yopmail.com;TEACHER.13.CINEL.PT@YOPMAIL.COM;False;AQAAAAIAAYagAAAAEAs34zPW2KdEuu0GO/nwztDTmo1SZw6/e0frPt1VNAV33mateE9qQXbhelUJ8GlX+w==;EONHFCLHELX5CV4VTRGSD44LSDW4GBJ5;c4fbb03e-0d61-41b9-997d-66ae07be66bc;166775329;False;False;;True;0
Teacher;7;Teacher 7;Address of Teacher 7, 7374;T7;False;00000000-0000-0000-0000-000000000000;https://supershop.blob.core.windows.net/placeholders/noimage.png;e063a748-0b51-42a9-8b0b-cfabf05ab20f;teacher.7.cinel.pt@yopmail.com;TEACHER.7.CINEL.PT@YOPMAIL.COM;teacher.7.cinel.pt@yopmail.com;TEACHER.7.CINEL.PT@YOPMAIL.COM;False;AQAAAAIAAYagAAAAENEeg4+o2PtFFRSnckaLoYWg4oFSyy36UtDBqX+FHPzOlm1sbtqgPJ5wVldYPoGoFg==;FJSGOQF62OLKCAFRX6PAQNILQ2U6L7DY;7471757e-62c1-4c94-a1b7-1271b0141c95;120789532;False;False;;True;0
Teacher;12;Teacher 12;Address of Teacher 12, 8028;T1;False;00000000-0000-0000-0000-000000000000;https://supershop.blob.core.windows.net/placeholders/noimage.png;e4b2ca0e-8a5f-4eb2-8297-c4c3c7a581ca;teacher.12.cinel.pt@yopmail.com;TEACHER.12.CINEL.PT@YOPMAIL.COM;teacher.12.cinel.pt@yopmail.com;TEACHER.12.CINEL.PT@YOPMAIL.COM;False;AQAAAAIAAYagAAAAEMcDyNM2wFYR1VW148cpk2h1diYaqUuNvBdFJ2wsGKtpMH2akdH3RRfuoebKFGJM1w==;DKPS7UKPDIGGGZNMGQPFSJGP4VRJYBZJ;bb2dfb24-c8b4-464e-b5a5-b0135ec9bec8;872430692;False;False;;True;0
Ruben;Correia;Ruben Correia;Address of Ruben Correia, 4787;RC;False;00000000-0000-0000-0000-000000000000;https://supershop.blob.core.windows.net/placeholders/noimage.png;eeff6e7a-2758-4372-8721-e28cd7b8c972;ruben.correia.cinel.pt@yopmail.com;RUBEN.CORREIA.CINEL.PT@YOPMAIL.COM;ruben.correia.cinel.pt@yopmail.com;RUBEN.CORREIA.CINEL.PT@YOPMAIL.COM;False;AQAAAAIAAYagAAAAEA/4mGhUoQbaLLOaCmC5yUdNkX7FHYwwXnuXZRpBJPkWQqQf2iyi6+GkEkuE/+WEcg==;6IBDD3FS4N2GAEWVOSPRA5C3XXIWIK2X;66b9ae90-43ad-42ca-b226-34578d6ebe15;315642593;False;False;;True;0
Tatiane;Avellar;Tatiane Avellar;Address of Tatiane Avellar, 7067;TA;False;00000000-0000-0000-0000-000000000000;https://supershop.blob.core.windows.net/placeholders/noimage.png;f2445d0e-f83a-4031-8819-0058a8a5d7f5;tatiane.avellar.cinel.pt@yopmail.com;TATIANE.AVELLAR.CINEL.PT@YOPMAIL.COM;tatiane.avellar.cinel.pt@yopmail.com;TATIANE.AVELLAR.CINEL.PT@YOPMAIL.COM;False;AQAAAAIAAYagAAAAEBbIm8j92Ao+mK0Pb3M4kWytbSxktuEB7fyfkf152oircurXM6DSpOqwn7bBaT53HA==;BPU76P72OZWR4VAP37W4F3RAHVMYT6GV;9e7faa1b-6f35-4d77-90e0-e587f8365609;880148701;False;False;;True;0
Ruben;Correia;Ruben Correia;Calle Luna, 4818;RC;False;00000000-0000-0000-0000-000000000000;https://supershop.blob.core.windows.net/placeholders/noimage.png;f29d52e7-728f-4b2e-b271-a0162bcd71e1;ruben.corrreia.28257@formandos.cinel.pt;RUBEN.CORRREIA.28257@FORMANDOS.CINEL.PT;ruben.corrreia.28257@formandos.cinel.pt;RUBEN.CORRREIA.28257@FORMANDOS.CINEL.PT;False;AQAAAAIAAYagAAAAEJN2gHQnLpsAGBfZC8Ah4Uem/0kBh8dVX8defo5ti7D63QZKRsrdDzlCpRk2shma8Q==;JIX4SKTG75AC3H7DBECULE5RHM6NX3XL;888d54c4-880a-4e42-8541-e5079d61b55c;944357456;False;False;;True;0
Teacher;4;Teacher 4;Address of Teacher 4, 3223;T4;False;00000000-0000-0000-0000-000000000000;https://supershop.blob.core.windows.net/placeholders/noimage.png;f4bee9b8-9141-4f0f-b320-3cf86f1ad091;teacher.4.cinel.pt@yopmail.com;TEACHER.4.CINEL.PT@YOPMAIL.COM;teacher.4.cinel.pt@yopmail.com;TEACHER.4.CINEL.PT@YOPMAIL.COM;False;AQAAAAIAAYagAAAAEMm1mFyM8h/xHD0fM6xbBvj4SYh8A8Ir0iZGggKW/iSjMkxpMXVCddPXLs8Q4r2leg==;RUP5OGFUOVPQHI3KZ4PSAVG6RTQDVDQ3;cc1f84ad-a48c-4dd6-a066-4f26b68866b1;314260962;False;False;;True;0
Diogo;Alves;Diogo Alves;Address of Diogo Alves, 4410;DA;False;00000000-0000-0000-0000-000000000000;https://supershop.blob.core.windows.net/placeholders/noimage.png;f7a7bf1c-5651-43c9-9185-34f199320b47;diogo.alves.cinel.pt@yopmail.com;DIOGO.ALVES.CINEL.PT@YOPMAIL.COM;diogo.alves.cinel.pt@yopmail.com;DIOGO.ALVES.CINEL.PT@YOPMAIL.COM;False;AQAAAAIAAYagAAAAEIUzUgizCQb5U923z1f+UZeVB+KPzMC2PuP4C6AJQCP5qQO/YsOcz8zfKV3kWblEfg==;H6L2UZISWPMVLPGDGXG65AYONJLKLF5U;95e6bf93-030b-4f4c-8f1c-09db6989b3d7;666206418;False;False;;True;0
